Campaign,Ad group,Match type,Keyword,Final URL
HTI - Universal Tensile Machine,Tensile Testing Machine,Exact,tensile testing machine malaysia,https://www.hungtainstrument.com.my/tensile-testing-machine-malaysia/
HTI - Universal Tensile Machine,Tensile Testing Machine,Phrase,tensile testing machine malaysia,https://www.hungtainstrument.com.my/tensile-testing-machine-malaysia/
HTI - Universal Tensile Machine,Tensile Testing Machine,Exact,tensile tester supplier malaysia,https://www.hungtainstrument.com.my/tensile-testing-machine-malaysia/
HTI - Universal Tensile Machine,Tensile Testing Machine,Phrase,tensile tester supplier malaysia,https://www.hungtainstrument.com.my/tensile-testing-machine-malaysia/
HTI - Universal Tensile Machine,Universal Testing Machine,Exact,universal testing machine malaysia,https://www.hungtainstrument.com.my/universal-testing-machine-malaysia/
HTI - Universal Tensile Machine,Universal Testing Machine,Phrase,universal testing machine malaysia,https://www.hungtainstrument.com.my/universal-testing-machine-malaysia/
HTI - Universal Tensile Machine,Universal Testing Machine,Exact,universal tensile machine,https://www.hungtainstrument.com.my/universal-testing-machine-malaysia/
HTI - Universal Tensile Machine,Universal Testing Machine,Phrase,universal tensile machine,https://www.hungtainstrument.com.my/universal-testing-machine-malaysia/
HTI - Universal Tensile Machine,Universal Testing Machine,Exact,utm machine malaysia,https://www.hungtainstrument.com.my/universal-testing-machine-malaysia/
HTI - Universal Tensile Machine,Universal Testing Machine,Phrase,utm machine malaysia,https://www.hungtainstrument.com.my/universal-testing-machine-malaysia/
HTI - Calibration ISO 17025 Prep,Testing Machine Calibration,Exact,testing machine calibration malaysia,https://www.hungtainstrument.com.my/calibration-service-malaysia/
HTI - Calibration ISO 17025 Prep,Testing Machine Calibration,Phrase,testing machine calibration malaysia,https://www.hungtainstrument.com.my/calibration-service-malaysia/
HTI - Calibration ISO 17025 Prep,Testing Machine Calibration,Exact,tensile machine calibration,https://www.hungtainstrument.com.my/calibration-service-malaysia/
HTI - Calibration ISO 17025 Prep,Testing Machine Calibration,Phrase,tensile machine calibration,https://www.hungtainstrument.com.my/calibration-service-malaysia/
HTI - Calibration ISO 17025 Prep,Testing Machine Calibration,Exact,universal testing machine calibration,https://www.hungtainstrument.com.my/calibration-service-malaysia/
HTI - Calibration ISO 17025 Prep,Testing Machine Calibration,Phrase,universal testing machine calibration,https://www.hungtainstrument.com.my/calibration-service-malaysia/
HTI - Calibration ISO 17025 Prep,Load Cell Calibration,Exact,load cell calibration malaysia,https://www.hungtainstrument.com.my/calibration-service-malaysia/
HTI - Calibration ISO 17025 Prep,Load Cell Calibration,Phrase,load cell calibration malaysia,https://www.hungtainstrument.com.my/calibration-service-malaysia/
HTI - Calibration ISO 17025 Prep,ISO 17025 Calibration,Exact,iso 17025 calibration malaysia,https://www.hungtainstrument.com.my/calibration-service-malaysia/
HTI - Calibration ISO 17025 Prep,ISO 17025 Calibration,Phrase,iso 17025 calibration malaysia,https://www.hungtainstrument.com.my/calibration-service-malaysia/
