Campaign,Ad group,Country,Match type,Keyword,Final URL
SEA - Thailand Indonesia Testing Machine,Thailand Testing Machine,Thailand,Exact,testing machine calibration thailand,https://www.hungtainstrument.com.my/testing-machine-calibration-thailand/
SEA - Thailand Indonesia Testing Machine,Thailand Testing Machine,Thailand,Phrase,testing machine calibration thailand,https://www.hungtainstrument.com.my/testing-machine-calibration-thailand/
SEA - Thailand Indonesia Testing Machine,Thailand Testing Machine,Thailand,Exact,tensile machine calibration thailand,https://www.hungtainstrument.com.my/testing-machine-calibration-thailand/
SEA - Thailand Indonesia Testing Machine,Thailand Testing Machine,Thailand,Phrase,tensile machine calibration thailand,https://www.hungtainstrument.com.my/testing-machine-calibration-thailand/
SEA - Thailand Indonesia Testing Machine,Thailand Testing Machine,Thailand,Exact,universal testing machine thailand,https://www.hungtainstrument.com.my/testing-machine-calibration-thailand/
SEA - Thailand Indonesia Testing Machine,Thailand Testing Machine,Thailand,Phrase,universal testing machine thailand,https://www.hungtainstrument.com.my/testing-machine-calibration-thailand/
SEA - Thailand Indonesia Testing Machine,Thailand Testing Machine,Thailand,Exact,utm machine thailand,https://www.hungtainstrument.com.my/testing-machine-calibration-thailand/
SEA - Thailand Indonesia Testing Machine,Thailand Testing Machine,Thailand,Phrase,utm machine thailand,https://www.hungtainstrument.com.my/testing-machine-calibration-thailand/
SEA - Thailand Indonesia Testing Machine,Thailand Testing Machine,Thailand,Exact,load cell calibration thailand,https://www.hungtainstrument.com.my/testing-machine-calibration-thailand/
SEA - Thailand Indonesia Testing Machine,Thailand Testing Machine,Thailand,Phrase,load cell calibration thailand,https://www.hungtainstrument.com.my/testing-machine-calibration-thailand/
SEA - Thailand Indonesia Testing Machine,Indonesia Testing Machine,Indonesia,Exact,testing machine calibration indonesia,https://www.hungtainstrument.com.my/testing-machine-calibration-indonesia/
SEA - Thailand Indonesia Testing Machine,Indonesia Testing Machine,Indonesia,Phrase,testing machine calibration indonesia,https://www.hungtainstrument.com.my/testing-machine-calibration-indonesia/
SEA - Thailand Indonesia Testing Machine,Indonesia Testing Machine,Indonesia,Exact,tensile machine calibration indonesia,https://www.hungtainstrument.com.my/testing-machine-calibration-indonesia/
SEA - Thailand Indonesia Testing Machine,Indonesia Testing Machine,Indonesia,Phrase,tensile machine calibration indonesia,https://www.hungtainstrument.com.my/testing-machine-calibration-indonesia/
SEA - Thailand Indonesia Testing Machine,Indonesia Testing Machine,Indonesia,Exact,universal testing machine indonesia,https://www.hungtainstrument.com.my/testing-machine-calibration-indonesia/
SEA - Thailand Indonesia Testing Machine,Indonesia Testing Machine,Indonesia,Phrase,universal testing machine indonesia,https://www.hungtainstrument.com.my/testing-machine-calibration-indonesia/
SEA - Thailand Indonesia Testing Machine,Indonesia Testing Machine,Indonesia,Exact,utm machine indonesia,https://www.hungtainstrument.com.my/testing-machine-calibration-indonesia/
SEA - Thailand Indonesia Testing Machine,Indonesia Testing Machine,Indonesia,Phrase,utm machine indonesia,https://www.hungtainstrument.com.my/testing-machine-calibration-indonesia/
SEA - Thailand Indonesia Testing Machine,Indonesia Testing Machine,Indonesia,Exact,load cell calibration indonesia,https://www.hungtainstrument.com.my/testing-machine-calibration-indonesia/
SEA - Thailand Indonesia Testing Machine,Indonesia Testing Machine,Indonesia,Phrase,load cell calibration indonesia,https://www.hungtainstrument.com.my/testing-machine-calibration-indonesia/
