platform,source_url,observed_status,priority,correct_business_name,correct_website,correct_phone,correct_address,action_needed,notes
Google Business Profile,Google Search business panel,Mostly aligned,High,Hung Ta Instrument (M) Sdn Bhd,https://www.hungtainstrument.com.my/,06-763 6031,"109, Jalan Sungai Ujong, Taman A.S.T, 70200 Seremban, Negeri Sembilan, Malaysia",Publish calibration post with photo; continue review request process,Primary local SEO asset
Official old domain,https://www.hungtatest.com/,Needs owner access,High,Hung Ta Instrument (M) Sdn Bhd,https://www.hungtainstrument.com.my/,06-763 6031,"109, Jalan Sungai Ujong, Taman A.S.T, 70200 Seremban, Negeri Sembilan, Malaysia",Add prominent link from old domain to official domain,Old domain still carries search authority; do not remove without redirect/link plan
Made-in-China,https://www.made-in-china.com/showroom/hungta/,Incorrect address,High,Hung Ta Instrument (M) Sdn Bhd,https://www.hungtainstrument.com.my/,06-763 6031,"109, Jalan Sungai Ujong, Taman A.S.T, 70200 Seremban, Negeri Sembilan, Malaysia",Correct address from Taichung Taiwan to Seremban Malaysia,High-risk NAP mismatch
Facebook,https://www.facebook.com/p/Hung-Ta-Instrument-Malaysia-Sdn-Bhd-100063723633287/ and https://www.facebook.com/p/Hung-Ta-Instrument-M-Sdn-Bhd-100069240962895/,Duplicate pages likely,High,Hung Ta Instrument (M) Sdn Bhd,https://www.hungtainstrument.com.my/,06-763 6031,"109, Jalan Sungai Ujong, Taman A.S.T, 70200 Seremban, Negeri Sembilan, Malaysia",Confirm official page and update About details,Do not delete or merge until admin ownership is clear
contact.page,https://my1782-hung-ta-instrument-m-sdn-bhd.contact.page/,Mostly aligned; masked phone/email,Medium,Hung Ta Instrument (M) Sdn Bhd,https://www.hungtainstrument.com.my/,06-763 6031,"109, Jalan Sungai Ujong, Taman A.S.T, 70200 Seremban, Negeri Sembilan, Malaysia",Add official website and confirm email if access exists,Address mostly aligned; email appears to use hungtatester.com domain
TradeIndia,https://www.tradeindia.com/hung-ta-instrument-malaysia-sdn-bhd-2739813/,Mostly aligned; name variant,Medium,Hung Ta Instrument (M) Sdn Bhd,https://www.hungtainstrument.com.my/,06-763 6031,"109, Jalan Sungai Ujong, Taman A.S.T, 70200 Seremban, Negeri Sembilan, Malaysia",Add official website and standardize company name if access exists,Name uses Hung Ta Instrument Malaysia Sdn. Bhd.
ExportersIndia,https://www.exportersindia.com/my/hung-ta-instrument/,Mostly aligned; year inconsistency,Medium,Hung Ta Instrument (M) Sdn Bhd,https://www.hungtainstrument.com.my/,06-763 6031,"109, Jalan Sungai Ujong, Taman A.S.T, 70200 Seremban, Negeri Sembilan, Malaysia",Add official website; check establishment year 1975 vs 2000,Address and Seremban location aligned
Waze,https://www.waze.com/live-map/directions/hung-ta-instrument-%28m%29-sdn-bhd-jalan-dato-tan-say-eng-109-seremban?to=place.w.66781211.668008721.5283351,Mostly aligned; street naming differs,Medium,Hung Ta Instrument (M) Sdn Bhd,https://www.hungtainstrument.com.my/,06-763 6031,"109, Jalan Sungai Ujong, Taman A.S.T, 70200 Seremban, Negeri Sembilan, Malaysia",Confirm whether Jalan Dato' Tan Say Eng is valid for same location,Website and phone aligned
YellowPages,https://yellowpages.my/-347108,Needs manual recheck,Low,Hung Ta Instrument (M) Sdn Bhd,https://www.hungtainstrument.com.my/,06-763 6031,"109, Jalan Sungai Ujong, Taman A.S.T, 70200 Seremban, Negeri Sembilan, Malaysia",Recheck detail page and update if claimable,Listing appears in search but details not fully readable
