date,keyword,priority,current_status,target_url,notes,next_action
2026-07-08,tensile testing machine Malaysia,High,indexing requested,https://www.hungtainstrument.com.my/tensile-testing-machine-malaysia,Main buyer-intent page for tensile machine enquiries,Check ranking weekly after indexing
2026-07-08,calibration service Malaysia,High,indexing requested,https://www.hungtainstrument.com.my/calibration-service-malaysia,Priority because Barry wants calibration visibility,Publish GBP calibration post after approval
2026-07-08,testing machine calibration Malaysia,High,indexing requested,https://www.hungtainstrument.com.my/calibration-service-malaysia,Commercial calibration/service keyword,Add more calibration FAQ if impressions appear
2026-07-08,universal testing machine calibration,High,indexing requested,https://www.hungtainstrument.com.my/calibration-service-malaysia,Related service keyword for UTM owners,Create UTM service page if demand appears
2026-07-08,how to choose tensile testing machine Malaysia,Medium,indexing requested,https://www.hungtainstrument.com.my/how-to-choose-tensile-testing-machine-malaysia,Long-tail buyer guide keyword,Use as supporting article
2026-07-08,testing machine calibration checklist Malaysia,Medium,prepared for upload,https://www.hungtainstrument.com.my/testing-machine-calibration-checklist-malaysia,Supporting article for audit-ready calibration searches,Submit indexing after deployment
2026-07-08,tensile machine calibration Malaysia,High,indexing requested,https://www.hungtainstrument.com.my/calibration-service-malaysia,Priority overlap between tensile and calibration intent,Use in GBP post and review request language
2026-07-09,testing machine calibration checklist Malaysia,Medium,google-visible,https://www.hungtainstrument.com.my/testing-machine-calibration-checklist-malaysia/,Supporting article found in search baseline,Monitor impressions and use in GBP post
2026-07-09,how to choose tensile testing machine Malaysia,Medium,google-visible,https://www.hungtainstrument.com.my/how-to-choose-tensile-testing-machine-malaysia,Buyer guide found in search baseline,Monitor ranking movement weekly
